Giriscapi (mm);cikiscapi;Kod;totalred;kafasayisi;calismahizi;uretimkg;elksarfsa;elksarfton
6;0.88;6x0.88;0.971663889;14;20;384.9051375;190;485.6379079
6;1.01;6x1.01;0.971663889;14;20;384.9051375;185;480.6379079
6;1.02;6x1.02;0.9711;14;20;392.5647535;185;471.2598326
6;1.03;6x1.03;0.970530556;14;20;400.2998337;185;462.153577
6;1.04;6x1.04;0.969955556;14;20;408.1103781;185;453.3087369
6;1.05;6x1.05;0.969375;14;20;415.9963867;185;444.7154012
6;1.06;6x1.06;0.968788889;14;20;423.9578595;185;436.3641241
6;1.07;6x1.07;0.968197222;14;20;431.9947965;185;428.245899
6;1.08;6x1.08;0.9676;14;20;440.1071977;185;420.3521346
6;1.09;6x1.09;0.966997222;13;19;425.8803099;177.5;416.7837673
6;1.1;6x1.1;0.966388889;13;19;433.730473;177.5;409.2403256
6;1.11;6x1.11;0.965775;13;19;441.6523271;177.5;401.8998409
6;1.12;6x1.12;0.965155556;13;19;449.6458722;177.5;394.7550972
6;1.13;6x1.13;0.964530556;13;19;457.7111083;177.5;387.7991965
6;1.14;6x1.14;0.9639;13;19;465.8480353;177.5;381.0255417
6;1.15;6x1.15;0.963263889;13;19;474.0566534;177.5;374.4278215
6;1.16;6x1.16;0.962622222;13;19;482.3369624;177.5;367.9999955
6;1.17;6x1.17;0.961975;13;19;490.6889624;177.5;361.7362802
6;1.18;6x1.18;0.961322222;13;19;499.1126534;177.5;355.6311362
6;1.19;6x1.19;0.960663889;13;19;507.6080354;177.5;349.6792557
6;1.2;6x1.2;0.96;12;18;489.0079974;170;347.6425762
6;1.21;6x1.21;0.959330556;12;18;497.1920896;170;341.9201624
6;1.22;6x1.22;0.958655556;12;18;505.4440995;170;336.3378861
6;1.23;6x1.23;0.957975;12;18;513.7640273;170;330.8912087
6;1.24;6x1.24;0.957288889;12;18;522.1518728;170;325.5757737
6;1.25;6x1.25;0.956597222;12;18;530.6076361;170;320.3873982
6;1.26;6x1.26;0.9559;12;18;539.1313171;170;315.3220646
6;1.27;6x1.27;0.955197222;12;18;547.722916;170;310.3759128
6;1.28;6x1.28;0.954488889;12;18;556.3824326;170;305.545233
6;1.29;6x1.29;0.953775;12;18;565.109867;170;300.8264586
6;1.3;6x1.3;0.953055556;12;18;573.9052192;170;296.2161596
6;1.31;6x1.31;0.952330556;12;18;582.7684891;170;291.7110365
6;1.32;6x1.32;0.9516;11;17.3;568.6891339;162.5;285.7448654
6;1.33;6x1.33;0.950863889;11;17.3;577.3382742;162.5;281.4641039
6;1.34;6x1.34;0.950122222;11;17.3;586.052691;162.5;277.2788224
6;1.35;6x1.35;0.949375;11;17.3;594.8323844;162.5;273.1862022
6;1.36;6x1.36;0.948622222;11;17.3;603.6773542;162.5;269.183528
6;1.37;6x1.37;0.947863889;11;17.3;612.5876007;162.5;265.2681834
6;1.38;6x1.38;0.9471;11;17.3;621.5631236;162.5;261.4376462
6;1.39;6x1.39;0.946330556;11;17.3;630.6039231;162.5;257.6894847
6;1.4;6x1.4;0.945555556;11;17.3;639.7099991;162.5;254.0213538
6;1.41;6x1.41;0.944775;11;17.3;648.8813516;162.5;250.4309911
6;1.42;6x1.42;0.943988889;11;17.3;658.1179807;162.5;246.9162138
6;1.43;6x1.43;0.943197222;11;17.3;667.4198863;162.5;243.4749149
6;1.44;6x1.44;0.9424;11;17.3;676.7870684;162.5;240.1050605
6;1.45;6x1.45;0.941597222;11;17.3;686.2195271;162.5;236.8046865
6;1.46;6x1.46;0.940788889;11;17.3;695.7172623;162.5;233.571896
6;1.47;6x1.47;0.939975;10;16.5;672.6661573;155;230.426339
6;1.48;6x1.48;0.939155556;10;16.5;681.8492068;155;227.3229894
6;1.49;6x1.49;0.938330556;10;16.5;691.0945142;155;224.2819134
6;1.5;6x1.5;0.9375;10;16.5;700.4020796;155;221.301456
6;1.51;6x1.51;0.936663889;10;16.5;709.771903;155;218.3800167
6;1.52;6x1.52;0.935822222;10;16.5;719.2039843;155;215.5160474
6;1.53;6x1.53;0.934975;10;16.5;728.6983236;155;212.7080507
6;1.54;6x1.54;0.934122222;10;16.5;738.2549209;155;209.9545775
6;1.55;6x1.55;0.933263889;10;16.5;747.8737761;155;207.2542252
6;1.56;6x1.56;0.9324;10;16.5;757.5548893;155;204.6056361
6;1.57;6x1.57;0.931530556;10;16.5;767.2982605;155;202.0074956
6;1.58;6x1.58;0.930655556;10;16.5;777.1038896;155;199.4585307
6;1.59;6x1.59;0.929775;10;16.5;786.9717767;155;196.957508
6;1.6;6x1.6;0.928888889;10;16.5;796.9019217;155;194.5032328
6;1.61;6x1.61;0.927997222;10;16.5;806.8943247;155;192.0945473
6;1.62;6x1.62;0.9271;10;16.5;816.9489857;155;189.7303292
6;1.63;6x1.63;0.926197222;10;16.5;827.0659046;155;187.4094908
6;1.64;6x1.64;0.925288889;10;16.5;837.2450815;155;185.1309771
6;1.65;6x1.65;0.924375;9;16;821.8051068;147.5;179.4829441
6;1.66;6x1.66;0.923455556;9;16;831.7965665;147.5;177.3270123
6;1.67;6x1.67;0.922530556;9;16;841.8483975;147.5;175.2096939
6;1.68;6x1.68;0.9216;9;16;851.9605999;147.5;173.130072
6;1.69;6x1.69;0.920663889;9;16;862.1331737;147.5;171.0872572
6;1.7;6x1.7;0.919722222;9;16;872.3661188;147.5;169.0803859
6;1.71;6x1.71;0.918775;9;16;882.6594353;147.5;167.1086198
6;1.72;6x1.72;0.917822222;9;16;893.0131232;147.5;165.1711449
6;1.73;6x1.73;0.916863889;9;16;903.4271824;147.5;163.2671707
6;1.74;6x1.74;0.9159;9;16;913.9016129;147.5;161.3959292
6;1.75;6x1.75;0.914930556;9;16;924.4364149;147.5;159.5566743
6;1.76;6x1.76;0.913955556;9;16;935.0315881;147.5;157.7486813
6;1.77;6x1.77;0.912975;9;16;945.6871328;147.5;155.9712456
6;1.78;6x1.78;0.911988889;9;16;956.4030488;147.5;154.2236824
6;1.79;6x1.79;0.910997222;9;16;967.1793361;147.5;152.505326
6;1.8;6x1.8;0.91;9;16;978.0159948;147.5;150.8155294
6;1.81;6x1.81;0.908997222;9;16;988.9130249;147.5;149.1536629
6;1.82;6x1.82;0.907988889;9;16;999.8704263;147.5;147.5191146
6;1.83;6x1.83;0.906975;9;16;1010.888199;147.5;145.9112888
6;1.84;6x1.84;0.905955556;9;16;1021.966343;147.5;144.3296063
6;1.85;6x1.85;0.904930556;8;15.6;1007.277237;140;138.9885474
6;1.86;6x1.86;0.9039;8;15.6;1018.196152;140;137.4980643
6;1.87;6x1.87;0.902863889;8;15.6;1029.173929;140;136.0314288
6;1.88;6x1.88;0.901822222;8;15.6;1040.210568;140;134.5881347
6;1.89;6x1.89;0.900775;8;15.6;1051.306068;140;133.1676894
6;1.9;6x1.9;0.899722222;8;15.6;1062.460431;140;131.7696131
6;1.91;6x1.91;0.898663889;8;15.6;1073.673656;140;130.3934386
6;1.92;6x1.92;0.8976;8;15.6;1084.945744;140;129.0387108
6;1.93;6x1.93;0.896530556;8;15.6;1096.276693;140;127.7049863
6;1.94;6x1.94;0.895455556;8;15.6;1107.666504;140;126.3918332
6;1.95;6x1.95;0.894375;8;15.6;1119.115177;140;125.0988306
6;1.96;6x1.96;0.893288889;8;15.6;1130.622713;140;123.8255683
6;1.97;6x1.97;0.892197222;8;15.6;1142.18911;140;122.5716466
6;1.98;6x1.98;0.8911;8;15.6;1153.81437;140;121.3366757
6;1.99;6x1.99;0.889997222;8;15.6;1165.498492;140;120.1202756
6;2;6x2;0.888888889;8;15.6;1177.241475;140;118.9220758
6;2.01;6x2.01;0.887775;8;15.6;1189.043321;140;117.7417151
6;2.02;6x2.02;0.886655556;8;15.6;1200.904029;140;116.5788411
6;2.03;6x2.03;0.885530556;8;15.6;1212.823599;140;115.4331101
6;2.04;6x2.04;0.8844;8;15.6;1224.802031;140;114.3041867
6;2.05;6x2.05;0.883263889;8;15.6;1236.839325;140;113.1917438
6;2.06;6x2.06;0.882122222;8;15.6;1248.935481;140;112.0954622
6;2.07;6x2.07;0.880975;8;15.6;1261.090499;140;111.0150303
6;2.08;6x2.08;0.879822222;8;15.6;1273.30438;140;109.9501441
6;2.09;6x2.09;0.878663889;7;14.8;1219.65009;125;102.4884112
6;2.1;6x2.1;0.8775;7;14.8;1231.349305;125;101.5146551
6;2.11;6x2.11;0.876330556;7;14.8;1243.104363;125;100.5547111
6;2.12;6x2.12;0.875155556;7;14.8;1254.915264;125;99.60831905
6;2.13;6x2.13;0.873975;7;14.8;1266.782009;125;98.67522518
6;2.14;6x2.14;0.872788889;7;14.8;1278.704598;125;97.75518148
6;2.15;6x2.15;0.871597222;7;14.8;1290.68303;125;96.84794573
6;2.16;6x2.16;0.8704;7;14.8;1302.717305;125;95.95328128
6;2.17;6x2.17;0.869197222;7;14.8;1314.807424;125;95.07095694
6;2.18;6x2.18;0.867988889;7;14.8;1326.953387;125;94.20074681
6;2.19;6x2.19;0.866775;7;14.8;1339.155193;125;93.34243012
6;2.2;6x2.2;0.865555556;7;14.8;1351.412842;125;92.49579114
6;2.21;6x2.21;0.864330556;7;14.8;1363.726335;125;91.66061897
6;2.22;6x2.22;0.8631;7;14.8;1376.095672;125;90.83670747
6;2.23;6x2.23;0.861863889;7;14.8;1388.520852;125;90.02385512
6;2.24;6x2.24;0.860622222;7;14.8;1401.001875;125;89.22186486
6;2.25;6x2.25;0.859375;7;14.8;1413.538743;125;88.43054402
6;2.26;6x2.26;0.858122222;7;14.8;1426.131453;125;87.64970419
6;2.27;6x2.27;0.856863889;7;14.8;1438.780007;125;86.87916108
6;2.28;6x2.28;0.8556;7;14.8;1451.484405;125;86.11873444
6;2.29;6x2.29;0.854330556;7;14.8;1464.244646;125;85.36824796
6;2.3;6x2.3;0.853055556;7;14.8;1477.06073;125;84.62752913
6;2.31;6x2.31;0.851775;7;14.8;1489.932659;125;83.8964092
6;2.32;6x2.32;0.850488889;7;14.8;1502.86043;125;83.17472301
6;2.33;6x2.33;0.849197222;7;14.8;1515.844045;125;82.46230896
6;2.34;6x2.34;0.8479;7;14.8;1528.883504;125;81.7590089
6;2.35;6x2.35;0.846597222;7;14.8;1541.978806;125;81.06466802
6;2.36;6x2.36;0.845288889;7;14.8;1555.129952;125;80.37913479
6;2.37;6x2.37;0.843975;7;14.8;1568.336941;125;79.70226088
6;2.38;6x2.38;0.842655556;6;13.5;1442.675469;110;76.24722424
6;2.39;6x2.39;0.841330556;6;13.5;1454.824261;110;75.610507
6;2.4;6x2.4;0.84;6;13.5;1467.023992;110;74.98173212
6;2.41;6x2.41;0.838663889;6;13.5;1479.274661;110;74.36076807
6;2.42;6x2.42;0.837322222;6;13.5;1491.576269;110;73.747486
6;2.43;6x2.43;0.835975;6;13.5;1503.928815;110;73.14175973
6;2.44;6x2.44;0.834622222;6;13.5;1516.332299;110;72.54346564
6;2.45;6x2.45;0.833263889;6;13.5;1528.786721;110;71.95248263
6;2.46;6x2.46;0.8319;6;13.5;1541.292082;110;71.36869208
6;2.47;6x2.47;0.830530556;6;13.5;1553.848381;110;70.79197774
6;2.48;6x2.48;0.829155556;6;13.2;1531.645494;110;71.81818539
6;2.49;6x2.49;0.827775;6;13.2;1544.022377;110;71.24249083
6;2.5;6x2.5;0.826388889;6;13.2;1556.449066;110;70.67369078
6;2.51;6x2.51;0.824997222;6;13.2;1568.925562;110;70.11167559
6;2.52;6x2.52;0.8236;6;13.2;1581.451864;110;69.55633777
6;2.53;6x2.53;0.822197222;6;13.2;1594.027972;110;69.00757197
6;2.54;6x2.54;0.820788889;6;12.9;1570.139026;110;70.05749057
6;2.55;6x2.55;0.819375;6;12.9;1582.526662;110;69.50909745
6;2.56;6x2.56;0.817955556;6;12.9;1594.962973;110;68.96711825
6;2.57;6x2.57;0.816530556;6;12.7;1582.526285;110;69.50911402
6;2.58;6x2.58;0.8151;6;12.7;1594.865625;110;68.97132793
6;2.59;6x2.59;0.813663889;6;12.7;1607.252884;110;68.43975898
6;2.6;6x2.6;0.812222222;6;12.7;1619.688063;110;67.91431172
6;2.61;6x2.61;0.810775;6;12.7;1632.171162;110;67.3948925
6;2.62;6x2.62;0.809322222;6;12.7;1644.70218;110;66.88140948
6;2.63;6x2.63;0.807863889;6;12.7;1657.281119;110;66.37377253
6;2.64;6x2.64;0.8064;6;12.7;1669.907977;110;65.87189325
6;2.65;6x2.65;0.804930556;6;12.4;1642.836706;110;66.9573547
6;2.66;6x2.66;0.803455556;6;12.4;1655.258867;110;66.45486225
6;2.67;6x2.67;0.801975;6;12.4;1667.727816;110;65.95800521
6;2.68;6x2.68;0.800488889;6;12.4;1680.243553;110;65.46669962
6;2.69;6x2.69;0.798997222;6;12.4;1692.806078;110;64.98086308
6;2.7;6x2.7;0.7975;6;12.4;1705.415391;110;64.50041473
6;2.71;6x2.71;0.795997222;6;12.4;1718.071491;110;64.02527517
6;2.72;6x2.72;0.794488889;6;12.4;1730.77438;110;63.55536648
6;2.73;6x2.73;0.792975;5;11;1546.674566;95;61.4221001
6;2.74;6x2.74;0.791455556;5;11;1558.026268;95;60.97458174
6;2.75;6x2.75;0.789930556;5;11;1569.419475;95;60.53193651
6;2.76;6x2.76;0.7884;5;11;1580.854187;95;60.09409392
6;2.77;6x2.77;0.786863889;5;11;1592.330405;95;59.66098474
6;2.78;6x2.78;0.785322222;5;10.6;1545.526378;95;61.46773122
6;2.79;6x2.79;0.783775;5;10.6;1556.665271;95;61.02789198
6;2.8;6x2.8;0.782222222;5;10.6;1567.84416;95;60.59275689
6;2.81;6x2.81;0.780663889;5;10.6;1579.063044;95;60.16225909
6;2.82;6x2.82;0.7791;5;10.6;1590.321925;95;59.73633293
6;2.83;6x2.83;0.777530556;5;10.46666667;1581.474629;95;60.07051791
6;2.84;6x2.84;0.775955556;5;10.40606061;1583.448692;95;59.99562883
6;2.85;6x2.85;0.774375;5;10.34545455;1585.33213;95;59.92435163
6;2.86;6x2.86;0.772788889;5;10.28484848;1587.124256;95;59.85668712
6;2.87;6x2.87;0.771197222;5;10.22424242;1588.824384;95;59.79263722
6;2.88;6x2.88;0.7696;5;10.16363636;1590.431829;95;59.73220498
6;2.89;6x2.89;0.767997222;5;10.1030303;1591.945903;95;59.67539462
6;2.9;6x2.9;0.766388889;5;10.04242424;1593.365922;95;59.62221149
6;2.91;6x2.91;0.764775;5;9.981818182;1594.691199;95;59.57266211
6;2.92;6x2.92;0.763155556;5;9.921212121;1595.921049;95;59.52675421
6;2.93;6x2.93;0.761530556;5;9.860606061;1597.054784;95;59.48449669
6;2.94;6x2.94;0.7599;5;9.8;1598.091719;95;59.44589967
6;2.95;6x2.95;0.758263889;5;9.739393939;1599.031168;95;59.41097452
6;2.96;6x2.96;0.756622222;5;9.678787879;1599.872445;95;59.37973385
6;2.97;6x2.97;0.754975;5;9.618181818;1600.614865;95;59.35219153
6;2.98;6x2.98;0.753322222;5;9.557575758;1601.257739;95;59.32836274
6;2.99;6x2.99;0.751663889;5;9.496969697;1601.800384;95;59.30826396
6;3;6x3;0.75;5;9.436363636;1602.242113;95;59.29191303
6;3.01;6x3.01;0.748330556;5;9.375757576;1602.582239;95;59.27932913
6;3.02;6x3.02;0.746655556;5;9.315151515;1602.820077;95;59.27053283
6;3.03;6x3.03;0.744975;5;9.254545455;1602.954941;95;59.26554614
6;3.04;6x3.04;0.743288889;5;9.193939394;1602.986144;95;59.26439249
6;3.05;6x3.05;0.741597222;5;9.133333333;1602.913001;95;59.26709681
6;3.06;6x3.06;0.7399;5;9.072727273;1602.734825;95;59.27368551
6;3.07;6x3.07;0.738197222;5;9.012121212;1602.450931;95;59.28418658
6;3.08;6x3.08;0.736488889;5;8.951515152;1602.060633;95;59.29862956
6;3.09;6x3.09;0.734775;5;8.890909091;1601.563244;95;59.31704563
6;3.1;6x3.1;0.733055556;5;8.83030303;1600.958078;95;59.3394676
6;3.11;6x3.11;0.731330556;5;8.76969697;1600.24445;95;59.36593001
6;3.12;6x3.12;0.7296;5;8.709090909;1599.421673;95;59.39646913
6;3.13;6x3.13;0.727863889;5;8.648484848;1598.489061;95;59.431123
6;3.14;6x3.14;0.726122222;5;8.587878788;1597.445929;95;59.46993153
6;3.15;6x3.15;0.724375;5;8.527272727;1596.291589;95;59.51293651
6;3.16;6x3.16;0.722622222;4;8.466666667;1595.025357;80;50.15594244
6;3.17;6x3.17;0.720863889;4;8.406060606;1593.646546;80;50.19933698
6;3.18;6x3.18;0.7191;4;8.345454545;1592.15447;80;50.24638092
6;3.19;6x3.19;0.717330556;4;8.284848485;1590.548444;80;50.29711627
6;3.2;6x3.2;0.715555556;4;8.224242424;1588.82778;80;50.35158688
6;3.21;6x3.21;0.713775;4;8.163636364;1586.991793;80;50.4098385
6;3.22;6x3.22;0.711988889;4;8.103030303;1585.039797;80;50.47191883
6;3.23;6x3.23;0.710197222;4;8.042424242;1582.971107;80;50.53787758
6;3.24;6x3.24;0.7084;4;7.981818182;1580.785035;80;50.60776655
6;3.25;6x3.25;0.706597222;4;7.921212121;1578.480895;80;50.68163969
6;3.26;6x3.26;0.704788889;4;7.860606061;1576.058003;80;50.75955317
6;3.27;6x3.27;0.702975;4;7.8;1573.515671;80;50.84156546
6;3.28;6x3.28;0.701155556;4;7.739393939;1570.853214;80;50.9277374
6;3.29;6x3.29;0.699330556;4;7.678787879;1568.069946;80;51.01813232
6;3.3;6x3.3;0.6975;4;7.618181818;1565.165181;80;51.11281607
6;3.31;6x3.31;0.695663889;4;7.557575758;1562.138232;80;51.21185717
6;3.32;6x3.32;0.693822222;4;7.496969697;1558.988413;80;51.31532686
6;3.33;6x3.33;0.691975;4;7.496969697;1568.394053;80;51.00758946
6;3.34;6x3.34;0.690122222;4;7.496969697;1577.827981;80;50.70261204
6;3.35;6x3.35;0.688263889;4;7.496969697;1587.290197;80;50.40036167
6;3.36;6x3.36;0.6864;4;7.496969697;1596.7807;80;50.10080595
6;3.37;6x3.37;0.684530556;4;7.496969697;1606.299491;80;49.80391294
6;3.38;6x3.38;0.682655556;4;7.496969697;1615.84657;80;49.50965117
6;3.39;6x3.39;0.680775;4;7.496969697;1625.421936;80;49.21798965
6;3.4;6x3.4;0.678888889;4;7.496969697;1635.025589;80;48.92889782
6;3.41;6x3.41;0.676997222;4;7.496969697;1644.657531;80;48.6423456
6;3.42;6x3.42;0.6751;4;7.496969697;1654.31776;80;48.35830331
6;3.43;6x3.43;0.673197222;4;7.496969697;1664.006277;80;48.07674173
6;3.44;6x3.44;0.671288889;4;7.496969697;1673.723081;80;47.79763207
6;3.45;6x3.45;0.669375;4;7.496969697;1683.468173;80;47.52094592
6;3.46;6x3.46;0.667455556;4;7.496969697;1693.241552;80;47.24665532
6;3.47;6x3.47;0.665530556;4;7.1;1612.865911;80;49.60114753
6;3.48;6x3.48;0.6636;4;7.1;1622.175363;80;49.31649304
6;3.49;6x3.49;0.661663889;4;7.1;1631.511605;80;49.03428193
6;3.5;6x3.5;0.659722222;4;7.1;1640.874636;80;48.75448631
6;3.51;6x3.51;0.657775;4;7.1;1650.264458;80;48.4770787
6;3.52;6x3.52;0.655822222;4;7.1;1659.681069;80;48.202032
6;3.53;6x3.53;0.653863889;4;7.1;1669.12447;80;47.9293195
6;3.54;6x3.54;0.6519;4;7.1;1678.594661;80;47.65891485
6;3.55;6x3.55;0.649930556;4;7.1;1688.091641;80;47.39079209
6;3.56;6x3.56;0.647955556;4;6.961060606;1664.394897;80;48.06551628
6;3.57;6x3.57;0.645975;4;6.924282531;1664.915425;80;48.05048882
6;3.58;6x3.58;0.643988889;4;6.887504456;1665.362997;80;48.03757508
6;3.59;6x3.59;0.641997222;4;6.850726381;1665.737197;80;48.02678367
6;3.6;6x3.6;0.64;4;6.813948307;1666.037608;80;48.01812373
6;3.61;6x3.61;0.637997222;4;6.777170232;1666.263814;80;48.01160496
6;3.62;6x3.62;0.635988889;4;6.740392157;1666.415399;80;48.00723759
6;3.63;6x3.63;0.633975;4;6.703614082;1666.491947;80;48.00503246
6;3.64;6x3.64;0.631955556;4;6.666836007;1666.49304;80;48.00500096
6;3.65;6x3.65;0.629930556;4;6.630057932;1666.418263;80;48.00715508
6;3.66;6x3.66;0.6279;4;6.593279857;1666.2672;80;48.01150739
6;3.67;6x3.67;0.625863889;3;6.556501783;1666.039434;65;39.01468276
6;3.68;6x3.68;0.623822222;3;6.519723708;1665.734549;65;39.02182376
6;3.69;6x3.69;0.621775;3;6.482945633;1665.352128;65;39.03078447
6;3.7;6x3.7;0.619722222;3;6.446167558;1664.891756;65;39.04157719
6;3.71;6x3.71;0.617663889;3;6.409389483;1664.353016;65;39.0542147
6;3.72;6x3.72;0.6156;3;6.372611408;1663.735491;65;39.06871036
6;3.73;6x3.73;0.613530556;3;6.335833333;1663.038765;65;39.08507809
6;3.74;6x3.74;0.611455556;3;6.299055258;1662.262422;65;39.10333238
6;3.75;6x3.75;0.609375;3;6.262277184;1661.406046;65;39.12348829
6;3.76;6x3.76;0.607288889;3;6.225499109;1660.469221;65;39.1455615
6;3.77;6x3.77;0.605197222;3;6.188721034;1659.451529;65;39.16956829
6;3.78;6x3.78;0.6031;3;6.151942959;1658.352555;65;39.19552558
6;3.79;6x3.79;0.600997222;3;6.115164884;1657.171883;65;39.22345091
6;3.8;6x3.8;0.598888889;3;6.078386809;1655.909095;65;39.25336251
6;3.81;6x3.81;0.596775;3;6.041608734;1654.563777;65;39.28527925
6;3.82;6x3.82;0.594655556;3;6.00483066;1653.13551;65;39.31922071
6;3.83;6x3.83;0.592530556;3;5.968052585;1651.62388;65;39.35520718
6;3.84;6x3.84;0.5904;3;5.93127451;1650.02847;65;39.39325968
6;3.85;6x3.85;0.588263889;3;5.894496435;1648.348863;65;39.43339996
6;3.86;6x3.86;0.586122222;3;5.85771836;1646.584644;65;39.47565055
6;3.87;6x3.87;0.583975;3;5.820940285;1644.735395;65;39.52003477
6;3.88;6x3.88;0.581822222;3;5.78416221;1642.800701;65;39.56657673
6;3.89;6x3.89;0.579663889;3;5.747384135;1640.780145;65;39.61530141
6;3.9;6x3.9;0.5775;3;5.710606061;1638.673311;65;39.6662346
6;3.91;6x3.91;0.575330556;3;5.673827986;1636.479783;65;39.71940299
6;3.92;6x3.92;0.573155556;3;5.637049911;1634.199144;65;39.77483419
6;3.93;6x3.93;0.570975;3;5.600271836;1631.830978;65;39.83255672
6;3.94;6x3.94;0.568788889;3;5.563493761;1629.374869;65;39.89260006
6;3.95;6x3.95;0.566597222;3;5.526715686;1626.8304;65;39.95499469
6;3.96;6x3.96;0.5644;3;5.489937611;1624.197155;65;40.0197721
6;3.97;6x3.97;0.562197222;3;5.453159537;1621.474718;65;40.08696483
6;3.98;6x3.98;0.559988889;3;5.416381462;1618.662673;65;40.1566065
6;3.99;6x3.99;0.557775;3;5.379603387;1615.760602;65;40.22873185
6;4;6x4;0.555555556;3;5.342825312;1612.76809;65;40.30337678
7;3.5;7x3.5;0.75;5;6.75;1559.98645;132.5;84.93663518
7;3.51;7x3.51;0.748569388;5;6.71;1559.616128;132.5;84.95680289
7;3.52;7x3.52;0.747134694;5;6.68;1561.502752;132.5;84.8541572
7;3.53;7x3.53;0.745695918;5;6.65;1563.334891;132.5;84.754713
7;3.54;7x3.54;0.744253061;5;6.62;1565.112205;132.5;84.65846704
7;3.55;7x3.55;0.742806122;5;6.59;1566.834354;132.5;84.56541665
7;3.56;7x3.56;0.741355102;5;6.56;1568.501;132.5;84.47555979
7;3.57;7x3.57;0.7399;5;6.53;1570.111802;132.5;84.38889499
7;3.58;7x3.58;0.738440816;5;6.5;1571.666421;132.5;84.30542144
7;3.59;7x3.59;0.736977551;5;6.47;1573.164518;132.5;84.2251389
7;3.6;7x3.6;0.735510204;5;6.44;1574.605752;132.5;84.14804776
7;3.61;7x3.61;0.734038776;5;6.41;1575.989784;132.5;84.07414905
7;3.62;7x3.62;0.732563265;5;6.38;1577.316275;132.5;84.00344441
7;3.63;7x3.63;0.731083673;5;6.35;1578.584884;132.5;83.93593611
7;3.64;7x3.64;0.7296;5;6.32;1579.795274;132.5;83.87162705
7;3.65;7x3.65;0.728112245;5;6.29;1580.947102;132.5;83.81052079
7;3.66;7x3.66;0.726620408;5;6.26;1582.040032;132.5;83.75262152
7;3.67;7x3.67;0.72512449;5;6.23;1583.073721;132.5;83.6979341
7;3.68;7x3.68;0.72362449;4;6.2;1584.047832;110;69.4423475
7;3.69;7x3.69;0.722120408;4;6.17;1584.962024;110;69.40229376
7;3.7;7x3.7;0.720612245;4;6.14;1585.815958;110;69.36492185
7;3.71;7x3.71;0.7191;4;6.11;1586.609294;110;69.330238
7;3.72;7x3.72;0.717583673;4;6.08;1587.341693;110;69.29824906
7;3.73;7x3.73;0.716063265;4;6.05;1588.012815;110;69.26896241
7;3.74;7x3.74;0.714538776;4;6.02;1588.622321;110;69.24238604
7;3.75;7x3.75;0.713010204;4;5.99;1589.16987;110;69.21852854
7;3.76;7x3.76;0.711477551;4;5.96;1589.655124;110;69.19739908
7;3.77;7x3.77;0.709940816;4;5.93;1590.077742;110;69.17900747
7;3.78;7x3.78;0.7084;4;5.9;1590.437386;110;69.16336411
7;3.79;7x3.79;0.706855102;4;5.87;1590.733715;110;69.15048005
7;3.8;7x3.8;0.705306122;4;5.84;1590.96639;110;69.14036696
7;3.81;7x3.81;0.703753061;4;5.81;1591.135071;110;69.13303717
7;3.82;7x3.82;0.702195918;4;5.78;1591.239419;110;69.12850366
7;3.83;7x3.83;0.700634694;4;5.75;1591.279094;110;69.12678008
7;3.84;7x3.84;0.699069388;4;5.72;1591.253757;110;69.12788077
7;3.85;7x3.85;0.6975;4;5.69;1591.163068;110;69.13182074
7;3.86;7x3.86;0.695926531;4;5.66;1591.006687;110;69.13861574
7;3.87;7x3.87;0.69434898;4;5.63;1590.784276;110;69.14828219
7;3.88;7x3.88;0.692767347;4;5.6;1590.495493;110;69.16083729
7;3.89;7x3.89;0.691181633;4;5.57;1590.14;110;69.17629894
7;3.9;7x3.9;0.689591837;4;5.54;1589.717457;110;69.19468583
7;3.91;7x3.91;0.687997959;4;5.51;1589.227525;110;69.2160174
7;3.92;7x3.92;0.6864;4;5.48;1588.669863;110;69.24031389
7;3.93;7x3.93;0.684797959;4;5.45;1588.044133;110;69.26759636
7;3.94;7x3.94;0.683191837;4;5.42;1587.349994;110;69.29788666
7;3.95;7x3.95;0.681581633;4;5.39;1586.587108;110;69.3312075
7;3.96;7x3.96;0.679967347;4;5.36;1585.755134;110;69.36758245
7;3.97;7x3.97;0.67834898;4;5.33;1584.853733;110;69.40703593
7;3.98;7x3.98;0.676726531;4;5.3;1583.882565;110;69.4495933
7;3.99;7x3.99;0.6751;4;5.27;1582.841292;110;69.49528079
7;4;7x4;0.673469388;4;5.24;1581.729572;110;69.54412559
7;4.01;7x4.01;0.671834694;4;5.306047237;1609.684721;110;68.33636336
7;4.02;7x4.02;0.670195918;4;5.269269162;1606.510078;110;68.47140364
7;4.03;7x4.03;0.668553061;4;5.232491087;1603.243745;110;68.61090234
7;4.04;7x4.04;0.666906122;4;5.195713012;1599.885305;110;68.75492865
7;4.05;7x4.05;0.665255102;4;5.158934938;1596.434343;110;68.90355404
7;4.06;7x4.06;0.6636;4;5.122156863;1592.890441;110;69.05685235
7;4.07;7x4.07;0.661940816;4;5.085378788;1589.253184;110;69.21489987
7;4.08;7x4.08;0.660277551;4;5.048600713;1585.522155;110;69.3777754
7;4.09;7x4.09;0.658610204;4;5.011822638;1581.696939;110;69.54556041
7;4.1;7x4.1;0.656938776;4;4.975044563;1577.777118;110;69.71833902
7;4.11;7x4.11;0.655263265;4;4.938266488;1573.762276;110;69.89619822
7;4.12;7x4.12;0.653583673;4;4.901488414;1569.651997;110;70.07922787
7;4.13;7x4.13;0.6519;4;4.864710339;1565.445865;110;70.26752086
7;4.14;7x4.14;0.650212245;4;4.827932264;1561.143464;110;70.4611732
7;4.15;7x4.15;0.648520408;4;4.791154189;1556.744376;110;70.66028416
7;4.16;7x4.16;0.64682449;4;4.754376114;1552.248187;110;70.86495635
7;4.17;7x4.17;0.64512449;4;4.717598039;1547.654479;110;71.07529589
7;4.18;7x4.18;0.643420408;4;4.680819964;1542.962836;110;71.29141251
7;4.19;7x4.19;0.641712245;4;4.644041889;1538.172841;110;71.51341972
7;4.2;7x4.2;0.64;4;4.607263815;1533.28408;110;71.74143492
7;4.21;7x4.21;0.638283673;4;4.57048574;1528.296134;110;71.97557957
7;4.22;7x4.22;0.636563265;4;4.533707665;1523.208588;110;72.21597937
7;4.23;7x4.23;0.634838776;4;4.49692959;1518.021026;110;72.46276441
7;4.24;7x4.24;0.633110204;4;4.460151515;1512.733031;110;72.71606933
7;4.25;7x4.25;0.631377551;4;4.42337344;1507.344188;110;72.97603355
7;4.26;7x4.26;0.629640816;4;4.386595365;1501.854078;110;73.2428014
7;4.27;7x4.27;0.6279;4;4.349817291;1496.262287;110;73.51652242
7;4.28;7x4.28;0.626155102;3;4.313039216;1490.568399;87.5;58.70243867
7;4.29;7x4.29;0.624406122;3;4.276261141;1484.771995;87.5;58.93160719
7;4.3;7x4.3;0.622653061;3;5.8;2023.232857;87.5;43.24761714
7;4.31;7x4.31;0.620895918;3;5.8;2032.654185;87.5;43.04716496
7;4.32;7x4.32;0.619134694;3;5.8;2042.097397;87.5;42.84810319
7;4.33;7x4.33;0.617369388;3;5.8;2051.562494;87.5;42.65041901
7;4.34;7x4.34;0.6156;3;5.8;2061.049476;87.5;42.45409974
7;4.35;7x4.35;0.613826531;3;5.8;2070.558342;87.5;42.25913283
7;4.36;7x4.36;0.61204898;3;5.8;2080.089093;87.5;42.0655059
7;4.37;7x4.37;0.610267347;3;5.8;2089.641728;87.5;41.8732067
7;4.38;7x4.38;0.608481633;3;5.8;2099.216248;87.5;41.68222311
7;4.39;7x4.39;0.606691837;3;5.8;2108.812653;87.5;41.49254316
7;4.4;7x4.4;0.604897959;3;5.8;2118.430942;87.5;41.30415501
7;4.41;7x4.41;0.6031;3;5.8;2128.071116;87.5;41.11704696
7;4.42;7x4.42;0.601297959;3;5.8;2137.733174;87.5;40.93120744
7;4.43;7x4.43;0.599491837;3;5.8;2147.417117;87.5;40.746625
7;4.44;7x4.44;0.597681633;3;5.8;2157.122945;87.5;40.56328834
7;4.45;7x4.45;0.595867347;3;5.8;2166.850657;87.5;40.38118626
7;4.46;7x4.46;0.59404898;3;5.8;2176.600254;87.5;40.20030772
7;4.47;7x4.47;0.592226531;3;5.8;2186.371736;87.5;40.02064176
7;4.48;7x4.48;0.5904;3;5.8;2196.165102;87.5;39.84217758
7;4.49;7x4.49;0.588569388;3;5.8;2205.980353;87.5;39.66490449
7;4.5;7x4.5;0.586734694;3;5.8;2215.817488;87.5;39.4888119
7;4.51;7x4.51;0.584895918;3;5.8;2225.676508;87.5;39.31388936
7;4.52;7x4.52;0.583053061;3;5.8;2235.557413;87.5;39.14012653
7;4.53;7x4.53;0.581206122;3;5.8;2245.460202;87.5;38.96751317
7;4.54;7x4.54;0.579355102;3;5.8;2255.384876;87.5;38.79603917
7;4.55;7x4.55;0.5775;3;5.8;2265.331435;87.5;38.62569453
7;4.56;7x4.56;0.575640816;3;5.8;2275.299878;87.5;38.45646935
7;4.57;7x4.57;0.573777551;3;5.8;2285.290205;87.5;38.28835383
7;4.58;7x4.58;0.571910204;3;5.8;2295.302418;87.5;38.12133831
7;4.59;7x4.59;0.570038776;3;5.8;2305.336515;87.5;37.95541321
7;4.6;7x4.6;0.568163265;3;5.8;2315.392496;87.5;37.79056904
7;4.61;7x4.61;0.566283673;3;5.8;2325.470363;87.5;37.62679646
7;4.62;7x4.62;0.5644;3;5.8;2335.570113;87.5;37.46408618
7;4.63;7x4.63;0.562512245;3;5.8;2345.691749;87.5;37.30242903
7;4.64;7x4.64;0.560620408;3;5.8;2355.835269;87.5;37.14181596
7;4.65;7x4.65;0.55872449;3;5.8;2366.000674;87.5;36.98223799
7;4.66;7x4.66;0.55682449;3;5.8;2376.187963;87.5;36.82368624
7;4.67;7x4.67;0.554920408;3;5.8;2386.397137;87.5;36.66615194
7;4.68;7x4.68;0.553012245;3;5.8;2396.628195;87.5;36.50962639
7;4.69;7x4.69;0.5511;3;5.8;2406.881138;87.5;36.354101
7;4.7;7x4.7;0.549183673;3;5.8;2417.155966;87.5;36.19956727
7;4.71;7x4.71;0.547263265;3;5.8;2427.452679;87.5;36.04601679
7;4.72;7x4.72;0.545338776;3;5.8;2437.771276;87.5;35.89344122
7;4.73;7x4.73;0.543410204;3;5.8;2448.111757;87.5;35.74183235
7;4.74;7x4.74;0.541477551;3;5.8;2458.474123;87.5;35.59118201
7;4.75;7x4.75;0.539540816;3;5.8;2468.858374;87.5;35.44148215
7;4.76;7x4.76;0.5376;3;5.8;2479.26451;87.5;35.29272478
7;4.77;7x4.77;0.535655102;3;5.8;2489.69253;87.5;35.14490201
7;4.78;7x4.78;0.533706122;3;5.8;2500.142435;87.5;34.99800603
7;4.79;7x4.79;0.531753061;3;5.8;2510.614224;87.5;34.8520291
7;4.8;7x4.8;0.529795918;3;5.8;2521.107898;87.5;34.70696358
7;4.81;7x4.81;0.527834694;3;5.8;2531.623456;87.5;34.5628019
7;4.82;7x4.82;0.525869388;3;5.8;2542.160899;87.5;34.41953655
7;4.83;7x4.83;0.5239;3;5.8;2552.720227;87.5;34.27716013
7;4.84;7x4.84;0.521926531;3;5.8;2563.30144;87.5;34.1356653
7;4.85;7x4.85;0.51994898;3;5.8;2573.904537;87.5;33.99504479
7;4.86;7x4.86;0.517967347;3;5.8;2584.529518;87.5;33.85529141
7;4.87;7x4.87;0.515981633;3;5.8;2595.176385;87.5;33.71639805
7;4.88;7x4.88;0.513991837;3;5.8;2605.845135;87.5;33.57835767
7;4.89;7x4.89;0.511997959;3;5.8;2616.535771;87.5;33.4411633
7;4.9;7x4.9;0.51;3;5.8;2627.248291;87.5;33.30480804
7;4.91;7x4.91;0.507997959;3;5.8;2637.982696;87.5;33.16928505
7;4.92;7x4.92;0.505991837;3;5.8;2648.738985;87.5;33.03458759
7;4.93;7x4.93;0.503981633;3;5.8;2659.517159;87.5;32.90070895
7;4.94;7x4.94;0.501967347;3;5.8;2670.317218;87.5;32.76764252
7;4.95;7x4.95;0.49994898;3;5.8;2681.139161;87.5;32.63538174
7;4.96;7x4.96;0.497926531;3;5.8;2691.982989;87.5;32.50392011
7;4.97;7x4.97;0.4959;3;5.8;2702.848701;87.5;32.37325122
7;4.98;7x4.98;0.493869388;3;5.8;2713.736298;87.5;32.24336869
7;4.99;7x4.99;0.491834694;3;5.8;2724.64578;87.5;32.11426625
7;5;7x5;0.489795918;3;5.8;2735.577146;87.5;31.98593764
7;5.01;7x5.01;0.487753061;2;4.5;2130.928756;65;30.50313147
7;5.02;7x5.02;0.485706122;2;4.5;2139.443948;65;30.38172609
7;5.03;7x5.03;0.483655102;2;4.5;2147.976118;65;30.26104408
7;5.04;7x5.04;0.4816;2;4.5;2156.525269;65;30.1410797
7;5.05;7x5.05;0.479540816;2;4.5;2165.091398;65;30.02182728
7;5.06;7x5.06;0.477477551;2;4.5;2173.674507;65;29.90328119
7;5.07;7x5.07;0.475410204;2;4.5;2182.274596;65;29.78543586
7;5.08;7x5.08;0.473338776;2;4.5;2190.891664;65;29.66828578
7;5.09;7x5.09;0.471263265;2;4.5;2199.525711;65;29.5518255
7;5.1;7x5.1;0.469183673;2;4.5;2208.176738;65;29.4360496
7;5.11;7x5.11;0.4671;2;4.5;2216.844745;65;29.32095274
7;5.12;7x5.12;0.465012245;2;4.5;2225.52973;65;29.20652962
7;5.13;7x5.13;0.462920408;2;4.5;2234.231696;65;29.09277499
7;5.14;7x5.14;0.46082449;2;4.5;2242.95064;65;28.97968365
7;5.15;7x5.15;0.45872449;2;4.5;2251.686564;65;28.86725045
7;5.16;7x5.16;0.456620408;2;4.5;2260.439468;65;28.75547031
7;5.17;7x5.17;0.454512245;2;4.5;2269.209351;65;28.64433816
7;5.18;7x5.18;0.4524;2;4.5;2277.996214;65;28.53384901
7;5.19;7x5.19;0.450283673;2;4.5;2286.800055;65;28.42399791
7;5.2;7x5.2;0.448163265;2;4.5;2295.620877;65;28.31477996
7;5.21;7x5.21;0.446038776;2;4.5;2304.458678;65;28.2061903
7;5.22;7x5.22;0.443910204;2;4.5;2313.313458;65;28.09822412
7;5.23;7x5.23;0.441777551;2;4.5;2322.185217;65;27.99087666
7;5.24;7x5.24;0.439640816;2;4.5;2331.073957;65;27.88414319
7;5.25;7x5.25;0.4375;2;4.5;2339.979675;65;27.77801905
7;5.26;7x5.26;0.435355102;2;4.5;2348.902373;65;27.67249961
7;5.27;7x5.27;0.433206122;2;4.5;2357.842051;65;27.56758027
7;5.28;7x5.28;0.431053061;2;4.5;2366.798707;65;27.46325651
7;5.29;7x5.29;0.428895918;2;4.5;2375.772344;65;27.35952381
7;5.3;7x5.3;0.426734694;2;4.5;2384.76296;65;27.25637772
7;5.31;7x5.31;0.424569388;2;4.5;2393.770555;65;27.15381383
7;5.32;7x5.32;0.4224;2;4.5;2402.79513;65;27.05182777
7;5.33;7x5.33;0.420226531;2;4.5;2411.836684;65;26.95041519
7;5.34;7x5.34;0.41804898;2;4.5;2420.895217;65;26.84957182
7;5.35;7x5.35;0.415867347;2;4.5;2429.97073;65;26.74929339
7;5.36;7x5.36;0.413681633;2;4.5;2439.063223;65;26.6495757
7;5.37;7x5.37;0.411491837;2;4.5;2448.172695;65;26.55041458
7;5.38;7x5.38;0.409297959;2;4.5;2457.299146;65;26.45180588
7;5.39;7x5.39;0.4071;2;4.5;2466.442577;65;26.35374552
7;5.4;7x5.4;0.404897959;2;4.5;2475.602987;65;26.25622943
7;5.41;7x5.41;0.402691837;2;4.5;2484.780377;65;26.1592536
7;5.42;7x5.42;0.400481633;2;4.5;2493.974746;65;26.06281403
7;5.43;7x5.43;0.398267347;2;4.5;2503.186094;65;25.96690679
7;5.44;7x5.44;0.39604898;2;4.5;2512.414422;65;25.87152797
7;5.45;7x5.45;0.393826531;2;4.5;2521.65973;65;25.77667369
7;5.46;7x5.46;0.3916;2;4.5;2530.922017;65;25.6823401
7;5.47;7x5.47;0.389369388;2;4.5;2540.201283;65;25.58852341
7;5.48;7x5.48;0.387134694;2;4.5;2549.497529;65;25.49521985
7;5.49;7x5.49;0.384895918;2;4.5;2558.810754;65;25.40242568
7;5.5;7x5.5;0.382653061;2;4.5;2568.140959;65;25.3101372
7;5.51;7x5.51;0.380406122;2;4.5;2577.488143;65;25.21835074
7;5.52;7x5.52;0.378155102;2;4.5;2586.852306;65;25.12706266
7;5.53;7x5.53;0.3759;2;4.5;2596.233449;65;25.03626938
7;5.54;7x5.54;0.373640816;2;4.5;2605.631572;65;24.94596731
7;5.55;7x5.55;0.371377551;2;4.5;2615.046674;65;24.85615291
7;5.56;7x5.56;0.369110204;2;4.5;2624.478755;65;24.7668227
7;5.57;7x5.57;0.366838776;2;4.5;2633.927816;65;24.67797318
7;5.58;7x5.58;0.364563265;2;4.5;2643.393856;65;24.58960092
7;5.59;7x5.59;0.362283673;2;4.5;2652.876876;65;24.50170251
7;5.6;7x5.6;0.36;2;4.5;2662.376875;65;24.41427456
7;5.61;7x5.61;0.357712245;2;4.5;2671.893853;65;24.32731372
7;5.62;7x5.62;0.355420408;2;4.5;2681.427811;65;24.24081667
7;5.63;7x5.63;0.35312449;2;4.5;2690.978749;65;24.15478013
7;5.64;7x5.64;0.35082449;2;4.5;2700.546666;65;24.06920081
7;5.65;7x5.65;0.348520408;2;4.5;2710.131562;65;23.9840755
7;5.66;7x5.66;0.346212245;2;4.5;2719.733438;65;23.89940098
7;5.67;7x5.67;0.3439;2;4.5;2729.352293;65;23.81517409
7;5.68;7x5.68;0.341583673;2;4.5;2738.988128;65;23.73139166
7;5.69;7x5.69;0.339263265;2;4.5;2748.640942;65;23.64805057
7;5.7;7x5.7;0.336938776;2;4.5;2758.310735;65;23.56514774
7;5.71;7x5.71;0.334610204;2;4.5;2767.997508;65;23.4826801
7;5.72;7x5.72;0.332277551;2;4.5;2777.701261;65;23.4006446
7;5.73;7x5.73;0.329940816;2;4.5;2787.421993;65;23.31903823
7;5.74;7x5.74;0.3276;2;4.5;2797.159704;65;23.237858
7;5.75;7x5.75;0.325255102;2;4.5;2806.914395;65;23.15710095
7;5.76;7x5.76;0.322906122;2;4.5;2816.686065;65;23.07676415
7;5.77;7x5.77;0.320553061;2;4.5;2826.474715;65;22.99684468
7;5.78;7x5.78;0.318195918;2;4.5;2836.280344;65;22.91733966
7;5.79;7x5.79;0.315834694;2;4.5;2846.102952;65;22.83824622
7;5.8;7x5.8;0.313469388;2;4.5;2855.94254;65;22.75956154
7;5.81;7x5.81;0.3111;2;4.5;2865.799108;65;22.68128279
7;5.82;7x5.82;0.308726531;2;4.5;2875.672655;65;22.6034072
7;5.83;7x5.83;0.30634898;2;4.5;2885.563181;65;22.525932
7;5.84;7x5.84;0.303967347;2;4.5;2895.470687;65;22.44885444
7;5.85;7x5.85;0.301581633;2;4.5;2905.395172;65;22.37217182
7;5.86;7x5.86;0.299191837;2;4.5;2915.336637;65;22.29588144
7;5.87;7x5.87;0.296797959;2;4.5;2925.295081;65;22.21998062
7;5.88;7x5.88;0.2944;2;4.5;2935.270504;65;22.14446672
7;5.89;7x5.89;0.291997959;2;4.5;2945.262907;65;22.06933712
7;5.9;7x5.9;0.289591837;1;4.5;2955.27229;42.5;14.38107756
7;5.91;7x5.91;0.287181633;1;4;2635.821024;42.5;16.12400828
7;5.92;7x5.92;0.284767347;1;4;2644.748438;42.5;16.06958128
7;5.93;7x5.93;0.28234898;1;4;2653.690946;42.5;16.0154294
7;5.94;7x5.94;0.279926531;1;4;2662.648546;42.5;15.96155079
7;5.95;7x5.95;0.2775;1;4;2671.621239;42.5;15.9079436
7;5.96;7x5.96;0.275069388;1;4;2680.609025;42.5;15.85460603
7;5.97;7x5.97;0.272634694;1;4;2689.611904;42.5;15.80153625
7;5.98;7x5.98;0.270195918;1;4;2698.629875;42.5;15.74873249
7;5.99;7x5.99;0.267753061;1;4;2707.66294;42.5;15.69619297
7;6;7x6;0.265306122;1;4;2716.711097;42.5;15.64391593
7;6.01;7x6.01;0.262855102;1;4;2725.774347;42.5;15.59189962
7;6.02;7x6.02;0.2604;1;4;2734.85269;42.5;15.54014231
7;6.03;7x6.03;0.257940816;1;4;2743.946125;42.5;15.48864229
7;6.04;7x6.04;0.255477551;1;4;2753.054654;42.5;15.43739785
7;6.05;7x6.05;0.253010204;1;4;2762.178276;42.5;15.38640731
7;6.06;7x6.06;0.250538776;1;4;2771.31699;42.5;15.33566898
7;6.07;7x6.07;0.248063265;1;4;2780.470797;42.5;15.28518122
7;6.08;7x6.08;0.245583673;1;4;2789.639697;42.5;15.23494236
7;6.09;7x6.09;0.2431;1;4;2798.82369;42.5;15.18495079
7;6.1;7x6.1;0.240612245;1;4;2808.022775;42.5;15.13520488
8;6.11;8x6.11;0.539109877;3;4;2817.236954;102.5;36.38316609
8;6.12;8x6.12;0.5376;3;4;2826.466225;102.5;36.26436399
8;6.13;8x6.13;0.536087654;3;4;2835.710589;102.5;36.14614284
8;6.14;8x6.14;0.53457284;3;4;2844.970046;102.5;36.02849884
8;6.15;8x6.15;0.533055556;3;4;2854.244596;102.5;35.91142824
8;6.16;8x6.16;0.531535802;3;4;2863.534239;102.5;35.79492734
8;6.17;8x6.17;0.53001358;3;4;2872.838974;102.5;35.67899243
8;6.18;8x6.18;0.528488889;3;4;2882.158803;102.5;35.56361985
8;6.19;8x6.19;0.526961728;3;4;2891.493724;102.5;35.44880598
8;6.2;8x6.2;0.525432099;3;4;2900.843738;102.5;35.33454721
8;6.21;8x6.21;0.5239;3;4;2910.208845;102.5;35.22083997
8;6.22;8x6.22;0.522365432;3;4;2919.589044;102.5;35.10768072
8;6.23;8x6.23;0.520828395;3;4;2928.984337;102.5;34.99506594
8;6.24;8x6.24;0.519288889;3;4;2938.394722;102.5;34.88299214
8;6.25;8x6.25;0.517746914;3;4;2947.8202;102.5;34.77145587
8;6.26;8x6.26;0.516202469;3;4;2957.260772;102.5;34.66045368
8;6.27;8x6.27;0.514655556;3;4;2966.716435;102.5;34.54998219
8;6.28;8x6.28;0.513106173;3;4;2976.187192;102.5;34.440038
8;6.29;8x6.29;0.511554321;3;4;2985.673042;102.5;34.33061778
8;6.3;8x6.3;0.51;3;4;2995.173984;102.5;34.22171818
8;6.31;8x6.31;0.50844321;3;4;3004.690019;102.5;34.11333593
8;6.32;8x6.32;0.506883951;3;4;3014.221148;102.5;34.00546774
8;6.33;8x6.33;0.505322222;3;4;3023.767368;102.5;33.89811037
8;6.34;8x6.34;0.503758025;3;4;3033.328682;102.5;33.7912606
8;6.35;8x6.35;0.502191358;3;4;3042.905089;102.5;33.68491524
8;6.36;8x6.36;0.500622222;3;4;3052.496588;102.5;33.57907111
8;6.37;8x6.37;0.499050617;3;4;3062.103181;102.5;33.47372507
8;6.38;8x6.38;0.497476543;3;4;3071.724866;102.5;33.368874
8;6.39;8x6.39;0.4959;3;4;3081.361644;102.5;33.2645148
8;6.4;8x6.4;0.494320988;3;4;3091.013515;102.5;33.1606444
8;6.41;8x6.41;0.492739506;3;4;3100.680478;102.5;33.05725976
8;6.42;8x6.42;0.491155556;3;4;3110.362535;102.5;32.95435785
8;6.43;8x6.43;0.489569136;3;4;3120.059684;102.5;32.85193566
8;6.44;8x6.44;0.487980247;2;4;3129.771926;75;23.96340748
8;6.45;8x6.45;0.486388889;2;4;3139.499261;75;23.88915995
8;6.46;8x6.46;0.484795062;2;4;3149.241689;75;23.81525694
8;6.47;8x6.47;0.483198765;2;4;3158.99921;75;23.74169635
8;6.48;8x6.48;0.4816;2;4;3168.771823;75;23.66847605
8;6.49;8x6.49;0.479998765;2;4;3178.55953;75;23.59559395
8;6.5;8x6.5;0.478395062;2;4;3188.362329;75;23.52304797
8;6.51;8x6.51;0.476788889;2;4;3198.180221;75;23.45083604
8;6.52;8x6.52;0.475180247;2;4;3208.013206;75;23.37895613
8;6.53;8x6.53;0.473569136;2;4;3217.861283;75;23.30740619
8;6.54;8x6.54;0.471955556;2;4;3227.724454;75;23.23618421
8;6.55;8x6.55;0.470339506;2;4;3237.602717;75;23.16528819
8;6.56;8x6.56;0.468720988;2;4;3247.496074;75;23.09471614
8;6.57;8x6.57;0.4671;2;4;3257.404523;75;23.0244661
8;6.58;8x6.58;0.465476543;2;4;3267.328065;75;22.9545361
8;6.59;8x6.59;0.463850617;2;4;3277.266699;75;22.8849242
8;6.6;8x6.6;0.462222222;2;4;3287.220427;75;22.81562848
8;6.61;8x6.61;0.460591358;2;4;3297.189248;75;22.74664703
8;6.62;8x6.62;0.458958025;2;4;3307.173161;75;22.67797794
8;6.63;8x6.63;0.457322222;2;4;3317.172167;75;22.60961935
8;6.64;8x6.64;0.455683951;2;4;3327.186266;75;22.54156936
8;6.65;8x6.65;0.45404321;2;4;3337.215458;75;22.47382614
8;6.66;8x6.66;0.4524;2;4;3347.259742;75;22.40638784
8;6.67;8x6.67;0.450754321;2;4;3357.31912;75;22.33925264
8;6.68;8x6.68;0.449106173;2;4;3367.39359;75;22.27241871
8;6.69;8x6.69;0.447455556;2;4;3377.483153;75;22.20588426
8;6.7;8x6.7;0.445802469;2;4;3387.587809;75;22.13964751
8;6.71;8x6.71;0.444146914;2;4;3397.707558;75;22.07370667
8;6.72;8x6.72;0.442488889;2;4;3407.8424;75;22.00806
8;6.73;8x6.73;0.440828395;2;4;3417.992334;75;21.94270574
8;6.74;8x6.74;0.439165432;2;4;3428.157362;75;21.87764215
8;6.75;8x6.75;0.4375;2;4;3438.337482;75;21.81286753
8;6.76;8x6.76;0.435832099;2;4;3448.532695;75;21.74838015
8;6.77;8x6.77;0.434161728;2;4;3458.743001;75;21.68417832
8;6.78;8x6.78;0.432488889;2;4;3468.968399;75;21.62026037
8;6.79;8x6.79;0.43081358;2;4;3479.208891;75;21.55662461
8;6.8;8x6.8;0.429135802;2;4;3489.464475;75;21.49326939
8;6.81;8x6.81;0.427455556;2;4;3499.735153;75;21.43019307
8;6.82;8x6.82;0.42577284;2;4;3510.020923;75;21.367394
8;6.83;8x6.83;0.424087654;2;4;3520.321786;75;21.30487057
8;6.84;8x6.84;0.4224;2;4;3530.637741;75;21.24262116
8;6.85;8x6.85;0.420709877;2;4;3540.96879;75;21.18064418
8;6.86;8x6.86;0.419017284;2;4;3551.314931;75;21.11893804
8;6.87;8x6.87;0.417322222;2;4;3561.676166;75;21.05750116
8;6.88;8x6.88;0.415624691;2;4;3572.052493;75;20.99633198
8;6.89;8x6.89;0.413924691;2;4;3582.443913;75;20.93542895
8;6.9;8x6.9;0.412222222;2;4;3592.850425;75;20.87479052
8;6.91;8x6.91;0.410517284;2;4;3603.272031;75;20.81441516
8;6.92;8x6.92;0.408809877;2;4;3613.70873;75;20.75430136
8;6.93;8x6.93;0.4071;2;4;3624.160521;75;20.6944476
8;6.94;8x6.94;0.405387654;2;4;3634.627405;75;20.63485239
8;6.95;8x6.95;0.40367284;2;4;3645.109382;75;20.57551424
8;6.96;8x6.96;0.401955556;2;4;3655.606452;75;20.51643168
8;6.97;8x6.97;0.400235802;2;4;3666.118614;75;20.45760323
8;6.98;8x6.98;0.39851358;2;4;3676.64587;75;20.39902744
8;6.99;8x6.99;0.396788889;2;4;3687.188218;75;20.34070288
9;7;9x7;0.395061728;2;4;3697.745659;75;20.28262809
9;7.01;9x7.01;0.393332099;2;4;3708.318193;75;20.22480167
9;7.02;9x7.02;0.3916;2;4;3718.90582;75;20.16722219
9;7.03;9x7.03;0.389865432;2;4;3729.50854;75;20.10988826
9;7.04;9x7.04;0.388128395;2;4;3740.126353;75;20.05279847
9;7.05;9x7.05;0.386388889;2;4;3750.759258;75;19.99595144
9;7.06;9x7.06;0.384646914;2;4;3761.407256;75;19.93934581
9;7.07;9x7.07;0.382902469;2;4;3772.070347;75;19.88298019
9;7.08;9x7.08;0.381155556;2;4;3782.748531;75;19.82685325
9;7.09;9x7.09;0.379406173;2;4;3793.441808;75;19.77096363
9;7.1;9x7.1;0.377654321;2;4;3804.150177;75;19.71530999
9;7.11;9x7.11;0.3759;2;4;3814.87364;75;19.65989102
9;7.12;9x7.12;0.37414321;2;4;3825.612195;75;19.60470538
9;7.13;9x7.13;0.372383951;2;4;3836.365843;75;19.54975179
9;7.14;9x7.14;0.370622222;2;4;3847.134584;75;19.49502893
9;7.15;9x7.15;0.368858025;2;4;3857.918418;75;19.44053551
9;7.16;9x7.16;0.367091358;2;4;3868.717344;75;19.38627026
9;7.17;9x7.17;0.365322222;2;4;3879.531364;75;19.3322319
9;7.18;9x7.18;0.363550617;2;4;3890.360476;75;19.27841917
9;7.19;9x7.19;0.361776543;2;4;3901.204681;75;19.22483082
9;7.2;9x7.2;0.36;2;4;3912.063979;75;19.1714656
9;7.21;9x7.21;0.358220988;2;4;3922.93837;75;19.11832227
9;7.22;9x7.22;0.356439506;2;4;3933.827854;75;19.0653996
9;7.23;9x7.23;0.354655556;2;4;3944.73243;75;19.01269638
9;7.24;9x7.24;0.352869136;2;4;3955.6521;75;18.96021139
9;7.25;9x7.25;0.351080247;2;4;3966.586862;75;18.90794343
9;7.26;9x7.26;0.349288889;2;4;3977.536717;75;18.85589131
9;7.27;9x7.27;0.347495062;2;4;3988.501665;75;18.80405383
9;7.28;9x7.28;0.345698765;2;4;3999.481705;75;18.75242982
9;7.29;9x7.29;0.3439;2;4;4010.476839;75;18.70101811
9;7.3;9x7.3;0.342098765;2;4;4021.487065;75;18.64981754
9;7.31;9x7.31;0.340295062;2;4;4032.512384;75;18.59882695
9;7.32;9x7.32;0.338488889;2;4;4043.552796;75;18.54804519
9;7.33;9x7.33;0.336680247;2;4;4054.608301;75;18.49747113
9;7.34;9x7.34;0.334869136;2;4;4065.678899;75;18.44710364
9;7.35;9x7.35;0.333055556;2;4;4076.76459;75;18.39694158
9;7.36;9x7.36;0.331239506;2;4;4087.865373;75;18.34698386
9;7.37;9x7.37;0.329420988;2;4;4098.981249;75;18.29722935
9;7.38;9x7.38;0.3276;2;4;4110.112218;75;18.24767695
9;7.39;9x7.39;0.325776543;2;4;4121.25828;75;18.19832558
9;7.4;9x7.4;0.323950617;2;4;4132.419435;75;18.14917415
9;7.41;9x7.41;0.322122222;2;4;4143.595683;75;18.10022158
9;7.42;9x7.42;0.320291358;2;4;4154.787023;75;18.0514668
9;7.43;9x7.43;0.318458025;2;3.2;3332.794765;75;22.50363592
9;7.44;9x7.44;0.316622222;2;3.2;3341.771986;75;22.44318293
9;7.45;9x7.45;0.314783951;2;3.2;3350.761281;75;22.38297321
9;7.46;9x7.46;0.31294321;2;3.2;3359.76265;75;22.32300546
9;7.47;9x7.47;0.3111;2;3.2;3368.776094;75;22.26327838
9;7.48;9x7.48;0.309254321;2;3.2;3377.801612;75;22.20379069
9;7.49;9x7.49;0.307406173;2;3.2;3386.839204;75;22.14454111
9;7.5;9x7.5;0.305555556;2;3.2;3395.888871;75;22.08552837
9;7.51;9x7.51;0.303702469;2;3.2;3404.950612;75;22.02675121
9;7.52;9x7.52;0.301846914;2;3.2;3414.024427;75;21.96820837
9;7.53;9x7.53;0.299988889;2;3.2;3423.110316;75;21.90989862
9;7.54;9x7.54;0.298128395;2;3.2;3432.20828;75;21.85182072
9;7.55;9x7.55;0.296265432;2;3.2;3441.318318;75;21.79397344
9;7.56;9x7.56;0.2944;2;3.2;3450.44043;75;21.73635555
9;7.57;9x7.57;0.292532099;2;3.2;3459.574616;75;21.67896586
9;7.58;9x7.58;0.290661728;2;3.2;3468.720877;75;21.62180316
9;7.59;9x7.59;0.288788889;1;3.2;3477.879212;47.5;13.65774862
9;7.6;9x7.6;0.28691358;1;3.2;3487.049621;47.5;13.62183082
9;7.61;9x7.61;0.285035802;1;3.2;3496.232105;47.5;13.58605452
9;7.62;9x7.62;0.283155556;1;3.2;3505.426662;47.5;13.55041899
9;7.63;9x7.63;0.28127284;1;3.2;3514.633294;47.5;13.51492347
9;7.64;9x7.64;0.279387654;1;3.2;3523.852001;47.5;13.47956724
9;7.65;9x7.65;0.2775;1;3.2;3533.082781;47.5;13.44434958
9;7.66;9x7.66;0.275609877;1;3.2;3542.325636;47.5;13.40926975
9;7.67;9x7.67;0.273717284;1;3.2;3551.580565;47.5;13.37432704
9;7.68;9x7.68;0.271822222;1;3.2;3560.847569;47.5;13.33952074
9;7.69;9x7.69;0.269924691;1;3.2;3570.126646;47.5;13.30485014
9;7.7;9x7.7;0.268024691;1;3.2;3579.417798;47.5;13.27031452
9;7.71;9x7.71;0.266122222;1;3.2;3588.721025;47.5;13.23591321
9;7.72;9x7.72;0.264217284;1;3.2;3598.036325;47.5;13.20164548
9;7.73;9x7.73;0.262309877;1;3.2;3607.3637;47.5;13.16751067
9;7.74;9x7.74;0.2604;1;3.2;3616.703149;47.5;13.13350807
9;7.75;9x7.75;0.258487654;1;3.2;3626.054672;47.5;13.09963701
9;7.76;9x7.76;0.25657284;1;3.2;3635.41827;47.5;13.06589682
9;7.77;9x7.77;0.254655556;1;3.2;3644.793942;47.5;13.03228681
9;7.78;9x7.78;0.252735802;1;3.2;3654.181688;47.5;12.99880632
9;7.79;9x7.79;0.25081358;1;3.2;3663.581508;47.5;12.96545468
9;7.8;9x7.8;0.248888889;1;3.2;3672.993403;47.5;12.93223123
9;7.81;9x7.81;0.246961728;1;3.2;3682.417372;47.5;12.89913532
9;7.82;9x7.82;0.245032099;1;3.2;3691.853415;47.5;12.8661663
9;7.83;9x7.83;0.2431;1;3.2;3701.301532;47.5;12.83332352
9;7.84;9x7.84;0.241165432;1;3.2;3710.761724;47.5;12.80060633
9;7.85;9x7.85;0.239228395;1;3.2;3720.23399;47.5;12.76801409
9;7.86;9x7.86;0.237288889;1;3.2;3729.718331;47.5;12.73554617
9;7.87;9x7.87;0.235346914;1;3.2;3739.214745;47.5;12.70320194
9;7.88;9x7.88;0.233402469;1;3.2;3748.723234;47.5;12.67098077
9;7.89;9x7.89;0.231455556;1;3.2;3758.243797;47.5;12.63888203
9;7.9;9x7.9;0.229506173;1;3.2;3767.776434;47.5;12.60690511
9;7.91;9x7.91;0.227554321;1;3.2;3777.321146;47.5;12.5750494
9;7.92;9x7.92;0.2256;1;3.2;3786.877932;47.5;12.54331427
9;7.93;9x7.93;0.22364321;1;3.2;3796.446792;47.5;12.51169912
9;7.94;9x7.94;0.221683951;1;3.2;3806.027727;47.5;12.48020335
9;7.95;9x7.95;0.219722222;1;3.2;3815.620735;47.5;12.44882636
9;7.96;9x7.96;0.217758025;1;3.2;3825.225818;47.5;12.41756755
9;7.97;9x7.97;0.215791358;1;3.2;3834.842976;47.5;12.38642633
9;7.98;9x7.98;0.213822222;1;3.2;3844.472207;47.5;12.3554021
9;7.99;9x7.99;0.211850617;1;3.2;3854.113513;47.5;12.32449429
9;8;9x8;0.209876543;1;3.2;3863.766893;47.5;12.29370232
